x,y,z,ori_x,ori_y,speed,collided,invaded,distance_to_goal,t,wall,ran_light
16.233661651611328,187.9199981689453,0.21506419777870178,-1.0,-6.349878731271019e-06,0.0,False,False,693.4160595253254,1,0.04066920280456543,False
16.233661651611328,187.9199981689453,0.2146357297897339,-1.0,-6.349878731271019e-06,0.002700948624359288,False,False,693.4160595253254,2,0.10396957397460938,False
16.233661651611328,187.9199981689453,0.2144676148891449,-1.0,-6.349878731271019e-06,0.0010032653808680191,False,False,693.4160595253254,3,0.16373205184936523,False
16.233661651611328,187.9199981689453,0.2144172638654709,-1.0,-6.349878731271019e-06,0.000202293391350704,False,False,693.4160595253254,4,0.21519756317138672,False
16.23365020751953,187.9199981689453,0.21441493928432465,-1.0,-6.349878731271019e-06,0.0011968651951437446,False,False,693.4160595253254,5,0.26065683364868164,False
16.197385787963867,187.91925048828125,0.2143329530954361,-0.9999997019767761,-0.0007552225724793971,0.5678019872276235,False,False,693.4160595253254,6,0.30956411361694336,False
16.117265701293945,187.91726684570312,0.21427783370018005,-0.9999979138374329,-0.0020138327963650227,0.9638638726163086,False,False,690.9160592633909,7,0.3555729389190674,False
15.997614860534668,187.91368103027344,0.21425685286521912,-0.9999930262565613,-0.003716372651979327,1.4048054235728633,False,False,690.9160592633909,8,0.40065574645996094,False
15.838104248046875,187.9092559814453,0.21424780786037445,-0.9999824166297913,-0.005921002943068743,1.7927738854025772,False,False,690.9160592633909,9,0.4437601566314697,False
15.637941360473633,187.903076171875,0.2142421305179596,-0.9999566078186035,-0.009310499764978886,2.2170570474874243,False,False,690.9160592633909,10,0.4893827438354492,False
15.396574020385742,187.89366149902344,0.2142396867275238,-0.9998931884765625,-0.014608250930905342,2.6179398622635275,False,False,690.9160592633909,11,0.5337016582489014,False
15.118253707885742,187.87380981445312,0.21424846351146698,-0.9996467232704163,-0.026577353477478027,2.9703153837555725,False,False,690.9160592633909,12,0.5794587135314941,False
14.803323745727539,187.84210205078125,0.21425315737724304,-0.9990503191947937,-0.043569982051849365,3.3546144861067866,False,False,690.9160592633909,13,0.6233093738555908,False
14.449838638305664,187.80352783203125,0.2142525017261505,-0.99818354845047,-0.06024516001343727,3.7392412821231824,False,False,690.9160592633909,14,0.6692237854003906,False
14.05757999420166,187.7679901123047,0.21425308287143707,-0.9976726174354553,-0.0681852176785469,4.106921341814118,False,False,690.9160592633909,15,0.7183089256286621,False
13.630308151245117,187.73751831054688,0.21426333487033844,-0.997628927230835,-0.0688214898109436,4.412596631853927,False,False,688.4160590014565,16,0.762946605682373,False
13.178999900817871,187.70956420898438,0.2142951488494873,-0.9977990984916687,-0.06630882620811462,4.589340514682556,False,False,688.4160590014565,17,0.8153238296508789,False
12.716402053833008,187.68209838867188,0.21434207260608673,-0.9979537129402161,-0.06394089758396149,4.661369614234432,False,False,688.4160590014565,18,0.8665831089019775,False
12.248266220092773,187.655517578125,0.21438083052635193,-0.9981114864349365,-0.06142885982990265,4.715119641782704,False,False,679.6160455407344,19,0.9148085117340088,False
11.776611328125,187.6296844482422,0.21440868079662323,-0.9982530474662781,-0.05908375233411789,4.70464980189543,False,False,679.6160455407344,20,0.9622406959533691,False
11.313499450683594,187.6046600341797,0.21444839239120483,-0.9983566403388977,-0.057306498289108276,4.57451816815323,False,False,679.6160455407344,21,1.0158092975616455,False
10.865602493286133,187.58010864257812,0.21448439359664917,-0.9984032511711121,-0.05648838356137276,4.411470441872214,False,False,679.6160455407344,22,1.05997896194458,False
10.434435844421387,187.55548095703125,0.21450690925121307,-0.998391330242157,-0.05669928342103958,4.243219568860352,False,False,679.6160455407344,23,1.105872392654419,False
10.019986152648926,187.53106689453125,0.2145172506570816,-0.9983540177345276,-0.05735220015048981,4.077690800414734,False,False,679.6160455407344,24,1.1525013446807861,False
9.621213912963867,187.50791931152344,0.2145185023546219,-0.998345673084259,-0.057496920228004456,3.9302131195063925,False,False,679.6160455407344,25,1.202082633972168,False
9.235369682312012,187.4827423095703,0.2145109921693802,-0.9982102513313293,-0.05980179086327553,3.824890449760392,False,False,679.6160455407344,26,1.2447125911712646,False
8.857537269592285,187.45033264160156,0.2144937813282013,-0.9977288842201233,-0.06735767424106598,3.7797882106814455,False,False,679.6160455407344,27,1.2927944660186768,False
8.482707023620605,187.40760803222656,0.2144724279642105,-0.9967554807662964,-0.08048917353153229,3.7791557897337626,False,False,679.6160455407344,28,1.3394525051116943,False
8.107439041137695,187.35757446289062,0.21445296704769135,-0.9954697489738464,-0.09507902711629868,3.8018496719182293,False,False,679.6160455407344,29,1.3835875988006592,False
7.7303147315979,187.3003692626953,0.2144397348165512,-0.9938564896583557,-0.11067668348550797,3.837497847718868,False,False,679.6160455407344,30,1.429945468902588,False
7.351875305175781,187.23265075683594,0.21443389356136322,-0.9915755391120911,-0.1295299082994461,3.8620287426471194,False,False,679.6160455407344,31,1.4809958934783936,False
6.973609447479248,187.1598663330078,0.21443714201450348,-0.9892224073410034,-0.1464208960533142,3.8431233217205527,False,False,679.6160455407344,32,1.5300285816192627,False
6.60036563873291,187.0834197998047,0.21444980800151825,-0.9868172407150269,-0.16183853149414062,3.7961600315126,False,False,679.6160455407344,33,1.5728309154510498,False
6.23327112197876,187.0007781982422,0.2144593447446823,-0.9839962124824524,-0.17818927764892578,3.7445189869629227,False,False,679.6160455407344,34,1.622197151184082,False
5.873053073883057,186.9153594970703,0.21446731686592102,-0.9812626838684082,-0.1926746517419815,3.6723375314720283,False,True,679.6160455407344,35,1.6703312397003174,False
5.521793842315674,186.8262481689453,0.21447478234767914,-0.9782919883728027,-0.2072312980890274,3.5980505514986847,False,True,679.6160455407344,36,1.7193799018859863,False
5.179010391235352,186.72958374023438,0.2144748568534851,-0.974450945854187,-0.22460053861141205,3.5522424752721866,False,True,679.6160455407344,37,1.7703347206115723,False
4.84141731262207,186.62501525878906,0.21446670591831207,-0.9698813557624817,-0.24357786774635315,3.538615583318978,False,True,679.6160455407344,38,1.823293685913086,False
4.5075602531433105,186.5129852294922,0.2144591063261032,-0.9647024869918823,-0.2633422613143921,3.52267650258057,False,True,679.6160455407344,39,1.8711121082305908,False
4.174205303192139,186.40728759765625,0.21652160584926605,-0.9620851278305054,-0.2727441191673279,3.4729699336744875,False,True,679.6160455407344,40,1.9207713603973389,False
3.8470799922943115,186.29586791992188,0.22090834379196167,-0.9591643214225769,-0.28279751539230347,3.4268240857275796,False,True,679.6160455407344,41,1.976076364517212,False
3.527108669281006,186.16709899902344,0.22741203010082245,-0.9520681500434875,-0.30570897459983826,3.4701412997435863,False,True,679.6160455407344,42,2.0227489471435547,False
3.2091469764709473,186.0229034423828,0.23318667709827423,-0.9423101544380188,-0.33442509174346924,3.514340033347463,False,True,679.6160455407344,43,2.067176342010498,False
2.8962419033050537,185.86773681640625,0.2345835417509079,-0.9312981963157654,-0.36394813656806946,3.506119626209292,False,True,679.6160455407344,44,2.118942975997925,False
2.595654249191284,185.70138549804688,0.24392661452293396,-0.917049765586853,-0.3985974192619324,3.4286908198381925,False,True,679.6160455407344,45,2.164674997329712,False
2.304185628890991,185.5319061279297,0.26103106141090393,-0.9023829698562622,-0.4309185743331909,3.4224869252843124,False,True,679.6160455407344,46,2.2078444957733154,False
2.018202543258667,185.35198974609375,0.26771247386932373,-0.8883838653564453,-0.459098756313324,3.398550262889001,False,True,679.6160455407344,47,2.2579681873321533,False
1.7408089637756348,185.1642608642578,0.2709212899208069,-0.8732283115386963,-0.48731130361557007,3.371848411849049,False,True,679.6160455407344,48,2.3026459217071533,False
1.472429871559143,184.96693420410156,0.27205610275268555,-0.8569151759147644,-0.515457272529602,3.356910822138938,False,True,679.6160455407344,49,2.347078561782837,False
1.2108112573623657,184.76185607910156,0.2717859148979187,-0.8406752943992615,-0.5415393710136414,3.3488102580346912,False,True,679.6160455407344,50,2.393291711807251,False
0.9554594159126282,184.5496368408203,0.2713225483894348,-0.8240854740142822,-0.566465437412262,3.3502599202521752,False,True,679.6160455407344,51,2.4475812911987305,False
0.7053255438804626,184.32821655273438,0.2709992825984955,-0.806541383266449,-0.5911776423454285,3.3926154336168284,False,True,679.6160455407344,52,2.493136167526245,False
0.4559604823589325,184.09580993652344,0.2708277404308319,-0.7887618541717529,-0.6146988868713379,3.469749546904573,False,True,679.6160455407344,53,2.5384111404418945,False
0.20593972504138947,183.85260009765625,0.27010077238082886,-0.7712246775627136,-0.6365627646446228,3.5493503844423593,False,True,679.6160455407344,54,2.5875957012176514,False
-0.04450874403119087,183.5989990234375,0.2689414918422699,-0.7541728019714355,-0.656674325466156,3.61936372196541,False,True,679.6160455407344,55,2.6329548358917236,False
-0.29299959540367126,183.3361053466797,0.268126517534256,-0.7369462847709656,-0.6759481430053711,3.649710477635312,False,True,679.6160455407344,56,2.6858112812042236,False
-0.5370751619338989,183.07069396972656,0.25956451892852783,-0.7196067571640015,-0.6943128108978271,3.671110743383507,False,True,679.6160455407344,57,2.741811990737915,False
-0.7708872556686401,182.79275512695312,0.24993564188480377,-0.700539231300354,-0.7134159803390503,3.7024833787543137,False,True,679.6160455407344,58,2.7950572967529297,False
-1.0000567436218262,182.502197265625,0.24552492797374725,-0.6794613003730774,-0.7334606647491455,3.758704705084771,False,True,679.6160455407344,59,2.845860242843628,False
-1.2254284620285034,182.2008514404297,0.2441742718219757,-0.657862663269043,-0.7528790235519409,3.803215921559419,False,True,679.6160455407344,60,2.900850772857666,False
-1.4443175792694092,181.89028930664062,0.24413935840129852,-0.6354725956916809,-0.7718701958656311,3.8373194869199843,False,True,679.6160455407344,61,2.9518826007843018,False
-1.6559393405914307,181.57040405273438,0.2444484680891037,-0.6122403144836426,-0.79042649269104,3.8693181801455108,False,True,679.6160455407344,62,3.0076699256896973,False
-1.8578704595565796,181.2407989501953,0.24472716450691223,-0.5870126485824585,-0.8093394637107849,3.9117349724330754,False,True,679.6160455407344,63,3.0595524311065674,False
-2.0526552200317383,180.89942932128906,0.24487975239753723,-0.5610056519508362,-0.8275800943374634,3.988066255967772,False,True,668.1890793763621,64,3.1253349781036377,False
-2.233764886856079,180.542724609375,0.24496714770793915,-0.5292995572090149,-0.8482081890106201,4.0853105394078835,False,True,668.1890793763621,65,3.1748695373535156,False
-2.3971033096313477,180.1625213623047,0.24500015377998352,-0.4889508783817291,-0.8720901012420654,4.267412366629353,False,True,668.1890793763621,66,3.230896472930908,False
-2.5493721961975098,179.75645446777344,0.24498359858989716,-0.44585099816322327,-0.8948923349380493,4.4670830793801315,False,True,665.6890793126131,67,3.2924864292144775,False
-2.6959800720214844,179.3251953125,0.2228923738002777,-0.40236732363700867,-0.9154676198959351,4.6186185440625,False,True,665.6890793126131,68,3.340775728225708,False
-2.811875581741333,178.87611389160156,0.21078620851039886,-0.3537987768650055,-0.9353190660476685,4.692265202754502,False,True,665.6890793126131,69,3.3941307067871094,False
-2.9034602642059326,178.41696166992188,0.20959803462028503,-0.30073419213294983,-0.9537051916122437,4.748568507739395,False,True,665.6890793126131,70,3.4524922370910645,False
-2.9772045612335205,177.9486846923828,0.21124103665351868,-0.25065529346466064,-0.9680754542350769,4.796797779029783,False,True,665.6890793126131,71,3.50091290473938,False
-3.0345852375030518,177.4740753173828,0.21287231147289276,-0.20472006499767303,-0.9788203239440918,4.8241665066523,False,True,663.1890792489717,72,3.5485644340515137,False
-3.0769100189208984,176.994384765625,0.21385875344276428,-0.16323943436145782,-0.9865863919258118,4.850384333411846,False,True,663.1890792489717,73,3.6003050804138184,False
-3.107363224029541,176.51107788085938,0.21431148052215576,-0.127391055226326,-0.9918525815010071,4.865547631777097,False,True,663.1890792489717,74,3.6467134952545166,False
-3.1296846866607666,176.02574157714844,0.21446555852890015,-0.0982482060790062,-0.9951619505882263,4.871562991084754,False,True,663.1890792489717,75,3.691067695617676,False
-3.1435999870300293,175.5397491455078,0.21449241042137146,-0.07320018857717514,-0.9973172545433044,4.868338370474221,False,True,663.1890792489717,76,3.7400927543640137,False
-3.1515090465545654,175.0536651611328,0.21447917819023132,-0.05280640721321106,-0.9986047744750977,4.865434618635112,False,True,660.6890791852227,77,3.787175416946411,False
-3.157255172729492,174.5674591064453,0.21446135640144348,-0.038193631917238235,-0.9992703795433044,4.864694723609699,False,True,660.6890791852227,78,3.831702470779419,False
-3.165558099746704,174.0812530517578,0.21444907784461975,-0.030819108709692955,-0.9995249509811401,4.8640512630868615,False,True,660.6890791852227,79,3.881310224533081,False
-3.1784541606903076,173.59510803222656,0.21444343030452728,-0.029450254514813423,-0.9995662569999695,4.862385347479755,False,True,660.6890791852227,80,3.9339354038238525,False
-3.1951045989990234,173.1093292236328,0.2144419103860855,-0.03127676993608475,-0.9995107650756836,4.858628246670494,False,True,660.6890791852227,81,3.9763433933258057,False
-3.214677095413208,172.62411499023438,0.2144422084093094,-0.034575171768665314,-0.9994021058082581,4.855351611893745,False,True,658.1890791214737,82,4.022346258163452,False
-3.232271432876587,172.13912963867188,0.2144424319267273,-0.03504635766148567,-0.9993857145309448,4.852172947275202,False,True,658.1890791214737,83,4.069621801376343,False
-3.247044801712036,171.6542205810547,0.21444252133369446,-0.03334301710128784,-0.9994439482688904,4.851081914222576,False,True,658.1890791214737,84,4.121346473693848,False
-3.261092185974121,171.16917419433594,0.2144416719675064,-0.03177148103713989,-0.9994951486587524,4.854333795700075,False,True,658.1890791214737,85,4.1644837856292725,False
-3.2753994464874268,170.68359375,0.21444018185138702,-0.03096066229045391,-0.9995205998420715,4.860917781409407,False,True,658.1890791214737,86,4.210554838180542,False
-3.290743589401245,170.19729614257812,0.21443893015384674,-0.031208259984850883,-0.9995129108428955,4.869256651592805,False,True,655.6890790577247,87,4.257699966430664,False
-3.30745267868042,169.7104034423828,0.21443858742713928,-0.03235316276550293,-0.9994764924049377,4.872352645783083,False,True,655.6890790577247,88,4.304011344909668,False
-3.323852777481079,169.2235870361328,0.21444018185138702,-0.032793644815683365,-0.9994621276855469,4.8691230336496405,False,True,655.6890790577247,89,4.3475518226623535,False
-3.339486598968506,168.7372283935547,0.21444198489189148,-0.03253652900457382,-0.9994705319404602,4.864142570632453,False,True,655.6890790577247,90,4.394764184951782,False
-3.355508327484131,168.25135803222656,0.21444308757781982,-0.032709527760744095,-0.9994649291038513,4.858694837681621,False,True,655.6890790577247,91,4.437787771224976,False
-3.3713231086730957,167.76596069335938,0.2144433856010437,-0.03263804316520691,-0.9994672536849976,4.855920699827199,False,True,655.6890790577247,92,4.478853940963745,False
-3.3845555782318115,167.2806396484375,0.21444301307201385,-0.030622506514191628,-0.9995310306549072,4.854303337276796,False,True,653.1890789940833,93,4.522677659988403,False
-3.396205425262451,166.79530334472656,0.21444247663021088,-0.02824602648615837,-0.9996010065078735,4.853652323203712,False,True,653.1890789940833,94,4.568450450897217,False
-3.4052772521972656,166.3100128173828,0.21444208920001984,-0.024748703464865685,-0.9996936917304993,4.853824276234056,False,True,653.1890789940833,95,4.610389709472656,False
-3.4118340015411377,165.82460021972656,0.2144414782524109,-0.020692704245448112,-0.9997859001159668,4.855625290277121,False,True,653.1890789940833,96,4.652937173843384,False
-3.4176931381225586,165.3390655517578,0.21444110572338104,-0.017623867839574814,-0.9998446702957153,4.856657904911105,False,True,653.1890789940833,97,4.696038246154785,False
-3.422329902648926,164.85353088378906,0.21444137394428253,-0.01470731757581234,-0.9998918175697327,4.855375089641097,False,True,650.6940377022488,98,4.746344089508057,False
-3.427227020263672,164.36827087402344,0.2144424021244049,-0.01310732588171959,-0.9999141097068787,4.84922974277723,False,True,650.6940377022488,99,4.79556941986084,False
-3.4330320358276367,163.88375854492188,0.21444350481033325,-0.012734350748360157,-0.9999189376831055,4.84313448834863,False,True,650.6940377022488,100,4.836971044540405,False
-3.4378726482391357,163.39947509765625,0.2144431322813034,-0.0117159029468894,-0.9999313950538635,4.844796529963232,False,True,650.6940377022488,101,4.884234666824341,False
-3.445340871810913,162.91477966308594,0.21444125473499298,-0.013164184056222439,-0.9999133348464966,4.850627530728143,False,True,650.6940377022488,102,4.936989784240723,False
-3.4548919200897217,162.42958068847656,0.21444015204906464,-0.0155078349635005,-0.9998797178268433,4.8534449519114,False,True,648.1940466430491,103,4.978779315948486,False
-3.46480655670166,161.9448699951172,0.21444198489189148,-0.01727117970585823,-0.999850869178772,4.841146412101219,False,True,648.1940466430491,104,5.022213459014893,False
-3.4759392738342285,161.4620819091797,0.21444633603096008,-0.019362594932317734,-0.9998125433921814,4.819119729097716,False,True,648.1940466430491,105,5.068323373794556,False
-3.4897496700286865,160.98095703125,0.21444770693778992,-0.02274285815656185,-0.9997413754463196,4.813116285144861,False,True,648.1940466430491,106,5.11039662361145,False
-3.504491090774536,160.49920654296875,0.2144433856010437,-0.025503894314169884,-0.9996747374534607,4.826843656955933,False,True,648.1940466430491,107,5.15141487121582,False
-3.5185933113098145,160.01593017578125,0.2144388109445572,-0.026768511161208153,-0.9996416568756104,4.840342256299268,False,True,645.694040325099,108,5.198322057723999,False
-3.5283241271972656,159.53195190429688,0.21443843841552734,-0.02421945333480835,-0.9997066855430603,4.839498758783677,False,True,645.694040325099,109,5.24502420425415,False
-3.5343589782714844,159.04847717285156,0.21444110572338104,-0.01998141035437584,-0.9998003244400024,4.830929187375184,False,True,645.694040325099,110,5.295688152313232,False
-3.5454201698303223,158.56649780273438,0.21444480121135712,-0.021285399794578552,-0.9997734427452087,4.81427242793038,False,True,645.694040325099,111,5.339284181594849,False
-3.5562961101531982,158.08609008789062,0.2144472897052765,-0.021643303334712982,-0.9997657537460327,4.798039513461963,False,True,645.694040325099,112,5.38719367980957,False
-3.5636885166168213,157.60699462890625,0.2144477367401123,-0.019379042088985443,-0.9998121857643127,4.788253190548859,False,True,643.1940340071488,113,5.43522047996521,False
-3.5676519870758057,157.12850952148438,0.214446559548378,-0.015376362949609756,-0.9998818039894104,4.782926425916047,False,True,643.1940340071488,114,5.479620933532715,False
-3.5686113834381104,156.65037536621094,0.21444487571716309,-0.010623537003993988,-0.9999435544013977,4.781209417160063,False,True,643.1940340071488,115,5.521278619766235,False
-3.5695858001708984,156.1720733642578,0.21444259583950043,-0.007661192212253809,-0.9999706745147705,4.786192591351197,False,True,643.1940340071488,116,5.565292119979858,False
-3.571223258972168,155.69268798828125,0.21443915367126465,-0.006195430178195238,-0.9999808073043823,4.802046525327504,False,True,643.1940340071488,117,5.610256671905518,False
-3.573988914489746,155.21148681640625,0.21443575620651245,-0.006089931819587946,-0.9999814629554749,4.819857509113138,False,True,640.6940429479491,118,5.6527440547943115,False
-3.5771148204803467,154.7287139892578,0.2144344598054886,-0.006224635988473892,-0.999980628490448,4.833803628306308,False,True,640.6940429479491,119,5.694562196731567,False
-3.5781033039093018,154.24496459960938,0.21443553268909454,-0.004655745811760426,-0.9999891519546509,4.839277747989026,False,True,640.6940429479491,120,5.73705530166626,False
-3.578917980194092,153.760986328125,0.21443793177604675,-0.0036336539778858423,-0.9999933838844299,4.839778874515218,False,True,640.6940429479491,121,5.781555652618408,False
-3.579657554626465,153.27694702148438,0.21443961560726166,-0.002868572948500514,-0.9999958872795105,4.84142448620438,False,True,640.6940429479491,122,5.822738885879517,False
-3.5784547328948975,152.79270935058594,0.21444034576416016,-0.0008994776871986687,-0.9999995827674866,4.842730213420827,False,True,640.6940429479491,123,5.865622520446777,False
-3.577759265899658,152.30841064453125,0.21444071829319,-0.0001266439794562757,-1.0,4.843379037136408,False,True,638.194036629999,124,5.912122488021851,False
-3.5769293308258057,151.82400512695312,0.21444091200828552,0.0005551139474846423,-0.9999998211860657,4.845114506141621,False,True,638.194036629999,125,5.952219247817993,False
-3.576540946960449,151.33932495117188,0.21444056928157806,0.0006045857444405556,-0.9999998211860657,4.84821173371405,False,True,638.194036629999,126,5.993639230728149,False
-3.5774757862091064,150.8543243408203,0.2144402265548706,-0.00033537944545969367,-0.9999999403953552,4.851422509050397,False,True,638.194036629999,127,6.034020662307739,False
-3.578077554702759,150.36903381347656,0.21444010734558105,-0.000626250053755939,-0.9999998211860657,4.85422865378421,False,True,638.194036629999,128,6.0801615715026855,False
-3.5785200595855713,149.8834228515625,0.21443995833396912,-0.0007348497165367007,-0.9999997019767761,4.857774448390211,False,True,635.6940455707993,129,6.126285552978516,False
-3.5789687633514404,149.39756774902344,0.2144402265548706,-0.0007961232913658023,-0.9999997019767761,4.85867452790221,False,True,635.6940455707993,130,6.169014930725098,False
-3.5775842666625977,148.91195678710938,0.2144414782524109,0.0005778828635811806,-0.9999998211860657,4.853332326024018,False,True,635.6940455707993,131,6.210097789764404,False
-3.575716972351074,148.42698669433594,0.21444304287433624,0.0017269403906539083,-0.9999985098838806,4.847028035517934,False,True,635.6940455707993,132,6.259679555892944,False
-3.5744590759277344,147.94252014160156,0.21444350481033325,0.0020161415450274944,-0.9999979734420776,4.843262911523438,False,True,635.6940455707993,133,6.306979656219482,False
-3.5739123821258545,147.458251953125,0.21444304287433624,0.0016750844661146402,-0.9999985694885254,4.842433930285806,False,True,633.1940392528492,134,6.351176738739014,False
-3.572620391845703,146.97386169433594,0.2144419401884079,0.002068712841719389,-0.9999978542327881,4.8459543958492795,False,True,633.1940392528492,135,6.398625612258911,False
-3.569836378097534,146.48912048339844,0.2144409567117691,0.0034180376678705215,-0.999994158744812,4.847302044744167,False,True,633.1940392528492,136,6.449997663497925,False
-3.566239356994629,146.0043487548828,0.21444071829319,0.004854497034102678,-0.9999881982803345,4.849782318991601,False,True,633.1940392528492,137,6.4932897090911865,False
-3.5630569458007812,145.51914978027344,0.2144402712583542,0.0054337275214493275,-0.9999852180480957,4.853400788377399,False,True,633.1940392528492,138,6.536357164382935,False
-3.559574842453003,145.03379821777344,0.21444037556648254,0.006073632277548313,-0.9999815821647644,4.8538632906184045,False,True,630.694032934899,139,6.581855058670044,False
-3.5563981533050537,144.54872131347656,0.2144419103860855,0.0062163230031728745,-0.9999806880950928,4.846739917378711,False,True,630.694032934899,140,6.627748966217041,False
-3.5518147945404053,144.0654296875,0.21444644033908844,0.007445699535310268,-0.9999722838401794,4.818027628076467,False,True,630.694032934899,141,6.6711671352386475,False
-3.5474302768707275,143.58731079101562,0.2144574373960495,0.008009781129658222,-0.9999679327011108,4.742214185865504,False,True,630.694032934899,142,6.712099075317383,False
-3.5439043045043945,143.1178741455078,0.21447013318538666,0.007823343388736248,-0.9999694228172302,4.663317600791443,False,True,630.694032934899,143,6.758044004440308,False
-3.540337085723877,142.653076171875,0.21446754038333893,0.007779118604958057,-0.9999697208404541,4.64737938022825,False,True,628.1940418756993,144,6.803009033203125,False
-3.5363945960998535,142.18673706054688,0.214451402425766,0.008022059686481953,-0.9999678134918213,4.680379059770425,False,True,628.1940418756993,145,6.847409963607788,False
-3.5322530269622803,141.7161865234375,0.214435413479805,0.008292059414088726,-0.9999656081199646,4.72654637365844,False,True,628.1940418756993,146,6.894037961959839,False
-3.5281615257263184,141.24148559570312,0.21442726254463196,0.008400536142289639,-0.999964714050293,4.760963624856949,False,True,628.1940418756993,147,6.945422649383545,False
-3.525343894958496,140.76473999023438,0.21442870795726776,0.007477170322090387,-0.9999720454216003,4.768612305892048,False,True,628.1940418756993,148,6.988895893096924,False
-3.5241332054138184,140.28839111328125,0.21443580090999603,0.005711361300200224,-0.9999836683273315,4.757634738405329,False,True,628.1940418756993,149,7.034308671951294,False
-3.5220024585723877,139.8139190673828,0.21444381773471832,0.005349685903638601,-0.9999856948852539,4.731557131407113,False,True,625.6940355577492,150,7.082795858383179,False
-3.5188446044921875,139.34239196777344,0.21445010602474213,0.005835456307977438,-0.9999829530715942,4.70324217198646,False,True,625.6940355577492,151,7.129117012023926,False
-3.515366554260254,138.87278747558594,0.21445071697235107,0.006380470935255289,-0.9999796152114868,4.694779985306461,False,True,625.6940355577492,152,7.1704206466674805,False
-3.5063564777374268,138.4029998779297,0.21444575488567352,0.011044591665267944,-0.9999390244483948,4.706359882853763,False,True,625.6940355577492,153,7.2191760540008545,False
-3.4962687492370605,137.93092346191406,0.21443775296211243,0.014534156769514084,-0.999894380569458,4.736992674340411,False,True,625.6940355577492,154,7.271069765090942,False
-3.486455202102661,137.4556884765625,0.21443168818950653,0.01667751558125019,-0.999860942363739,4.764715469647856,False,True,623.1940444985495,155,7.315749645233154,False
-3.478022575378418,136.97853088378906,0.21443141996860504,0.016936521977186203,-0.9998565912246704,4.776708039995195,False,True,623.1940444985495,156,7.361649036407471,False
-3.4707274436950684,136.50106811523438,0.21443572640419006,0.016336146742105484,-0.9998665452003479,4.770963954865251,False,True,623.1940444985495,157,7.408961296081543,False
-3.463895797729492,136.0247802734375,0.2144414782524109,0.015621460042893887,-0.9998779892921448,4.757210423232493,False,True,623.1940444985495,158,7.458474636077881,False
-3.459568500518799,135.5498046875,0.21444518864154816,0.013253733515739441,-0.9999121427536011,4.744628554546276,False,True,623.1940444985495,159,7.499659061431885,False
-3.454275369644165,135.0758514404297,0.214446023106575,0.01261625625193119,-0.9999204277992249,4.737560124158048,False,True,620.6940381805994,160,7.553624153137207,False
-3.4477946758270264,134.6025848388672,0.2144458293914795,0.013001032173633575,-0.9999154806137085,4.7281559119107355,False,True,620.6940381805994,161,7.60146689414978,False
-3.431797504425049,134.1325225830078,0.21445178985595703,0.020815731957554817,-0.9997833371162415,4.68146707557553,False,True,620.6940381805994,162,7.648668527603149,False
-3.4150514602661133,133.66798400878906,0.21445979177951813,0.02568601816892624,-0.9996700882911682,4.621307891283078,False,True,620.6940381805994,163,7.696859121322632,False
-3.406235933303833,133.21014404296875,0.21446844935417175,0.0233294814825058,-0.9997278451919556,4.540759899826553,False,True,620.6940381805994,164,7.750164985656738,False
-3.4010608196258545,132.76022338867188,0.2144741415977478,0.01930362917482853,-0.9998136758804321,4.4748372824711105,False,True,620.6940381805994,165,7.796864748001099,False
-3.397620677947998,132.3134307861328,0.21446570754051208,0.015462334267795086,-0.9998804330825806,4.473468072585749,False,True,618.1940318626492,166,7.842249393463135,False
-3.396467924118042,131.86392211914062,0.2144472897052765,0.011134469881653786,-0.9999380111694336,4.515885041365375,False,True,618.1940318626492,167,7.890476942062378,False
-3.3962392807006836,131.410888671875,0.21443572640419006,0.007610680535435677,-0.9999710321426392,4.532222040505041,False,True,618.1940318626492,168,7.937845230102539,False
-3.3956587314605713,130.95751953125,0.2144353836774826,0.005531596951186657,-0.9999846816062927,4.542309459916588,False,True,618.1940318626492,169,7.984153509140015,False
-3.3950343132019043,130.50050354003906,0.2144288271665573,0.004144374746829271,-0.9999914169311523,4.599519358587156,False,True,618.1940318626492,170,8.029871463775635,False
-3.3956072330474854,130.0364532470703,0.21441814303398132,0.0022748252376914024,-0.9999974370002747,4.673837562289373,False,True,615.6940331740743,171,8.083142280578613,False
-3.3993608951568604,129.5658721923828,0.2144135981798172,-0.001367731485515833,-0.9999990463256836,4.727753638580249,False,True,615.6940331740743,172,8.131998062133789,False
-3.4083328247070312,129.0919189453125,0.21441878378391266,-0.007636635564267635,-0.9999708533287048,4.746606460604144,False,True,615.6940331740743,173,8.175607919692993,False
-3.4233553409576416,128.61949157714844,0.2144349217414856,-0.016188673675060272,-0.9998689293861389,4.6964061246046995,False,True,615.6940331740743,174,8.224084615707397,False
-3.437938690185547,128.15457153320312,0.21445602178573608,-0.02126251719892025,-0.9997739195823669,4.625712392248255,False,True,615.6940331740743,175,8.270902395248413,False
-3.4507226943969727,127.69268035888672,0.21445734798908234,-0.023384390398859978,-0.9997265338897705,4.627217283170288,False,True,613.1940268550521,176,8.317815065383911,False
-3.463136911392212,127.22767639160156,0.21444296836853027,-0.024483542889356613,-0.9997002482414246,4.675928199917705,False,True,613.1940268550521,177,8.368941068649292,False
-3.4727859497070312,126.7576904296875,0.21443039178848267,-0.022992059588432312,-0.9997356534004211,4.716519181173149,False,True,613.1940268550521,178,8.41873836517334,False
-3.478997230529785,126.28573608398438,0.21443042159080505,-0.019495606422424316,-0.9998099207878113,4.7163520419987135,False,True,613.1940268550521,179,8.465344190597534,False
-3.485013723373413,125.81539154052734,0.21443912386894226,-0.01722290739417076,-0.9998517036437988,4.692989045388892,False,True,613.1940268550521,180,8.50615119934082,False
-3.4909987449645996,125.3471908569336,0.21444572508335114,-0.01569366082549095,-0.999876856803894,4.676442386547593,False,True,613.1940268550521,181,8.550446510314941,False
-3.49670672416687,124.87995147705078,0.21444670855998993,-0.01450885459780693,-0.9998947381973267,4.670900883358346,False,True,610.6940357958524,182,8.601531267166138,False
-3.5012853145599365,124.41304779052734,0.2144452929496765,-0.012856888584792614,-0.9999173283576965,4.668083610921339,False,True,610.6940357958524,183,8.647067070007324,False
-3.5045711994171143,123.94649505615234,0.21444423496723175,-0.010839770548045635,-0.9999412298202515,4.663269894020994,False,True,610.6940357958524,184,8.695941925048828,False
-3.5058534145355225,123.48053741455078,0.21444423496723175,-0.008009987883269787,-0.9999679327011108,4.657035069798425,False,True,610.6940357958524,185,8.74594759941101,False
-3.5039308071136475,123.01542663574219,0.21444503962993622,-0.0037688363809138536,-0.9999929070472717,4.645679739365722,False,True,610.6940357958524,186,8.794051885604858,False
-3.499178409576416,122.5523681640625,0.21444866061210632,0.00106330297421664,-0.999999463558197,4.615857786259572,False,True,607.0138812319504,187,8.835814476013184,False
-3.492265224456787,122.09310913085938,0.2144543081521988,0.005826038774102926,-0.999983012676239,4.575789826064248,False,True,607.0138812319504,188,8.88333773612976,False
-3.4833672046661377,121.63822937011719,0.21445930004119873,0.010456565767526627,-0.999945342540741,4.527228337422221,False,True,607.0138812319504,189,8.931126356124878,False
-3.471935749053955,121.18746948242188,0.2144598662853241,0.01545756682753563,-0.9998805522918701,4.506289525143041,False,True,607.0138812319504,190,8.976962327957153,False
-3.4580657482147217,120.73641967773438,0.2144506424665451,0.02056771144270897,-0.9997884631156921,4.519250060578645,False,True,607.0138812319504,191,9.023820638656616,False
-3.4402379989624023,120.2843246459961,0.21444304287433624,0.02694586105644703,-0.9996368885040283,4.530081554695298,False,True,607.0138812319504,192,9.07248067855835,False
-3.4178545475006104,119.8312759399414,0.21443885564804077,0.034518610686063766,-0.9994040727615356,4.543692113005765,False,True,607.0138812319504,193,9.119773864746094,False
-3.390629291534424,119.37779998779297,0.21443870663642883,0.04312198609113693,-0.9990698099136353,4.540363353298137,False,True,607.0138812319504,194,9.163446187973022,False
-3.357431650161743,118.92599487304688,0.21442058682441711,0.053325455635786057,-0.9985771775245667,4.527499228537478,False,True,604.8824070894718,195,9.212998151779175,False
-3.3139424324035645,118.47814178466797,0.21426261961460114,0.06803589314222336,-0.9976828694343567,4.476719981349321,False,True,604.8824070894718,196,9.260763168334961,False
-3.2576229572296143,118.03990936279297,0.2141500860452652,0.08780940622091293,-0.996137261390686,4.38134353252012,False,True,604.8824070894718,197,9.305886030197144,False
-3.189239740371704,117.61376953125,0.21412986516952515,0.11070207506418228,-0.9938535690307617,4.283470440331146,False,True,604.8824070894718,198,9.351880073547363,False
-3.1084139347076416,117.1997299194336,0.21404415369033813,0.13636887073516846,-0.9906579852104187,4.1901797150474716,False,True,604.8824070894718,199,9.407062768936157,False
-3.0168745517730713,116.79694366455078,0.213906928896904,0.16278429329395294,-0.9866615533828735,4.108483860182606,False,True,602.9992557951664,200,9.45771837234497,False
-2.913513422012329,116.40486907958984,0.21387259662151337,0.19095435738563538,-0.9815987348556519,4.04621060809395,False,True,602.9992557951664,201,9.501554489135742,False
-2.794813871383667,116.02220153808594,0.21382994949817657,0.2228923738002777,-0.97484290599823,4.0185858326894675,False,True,602.9992557951664,202,9.550564050674438,False
-2.6608941555023193,115.64442443847656,0.21365496516227722,0.2564326226711273,-0.966562032699585,4.046880207763434,False,True,602.9992557951664,203,9.596077919006348,False
-2.5113186836242676,115.26753997802734,0.21359393000602722,0.29067978262901306,-0.9568203687667847,4.106798986860423,False,True,602.9992557951664,204,9.640190839767456,False
-2.3461945056915283,114.88992309570312,0.21358512341976166,0.3246631324291229,-0.9458297491073608,4.173220214129509,False,True,601.1160978293785,205,9.684972047805786,False
-2.1658241748809814,114.5142822265625,0.21349811553955078,0.35862648487091064,-0.9334811568260193,4.192206453406496,False,True,601.1160978293785,206,9.736270666122437,False
-1.9724047183990479,114.14726257324219,0.21339935064315796,0.39244091510772705,-0.9197772145271301,4.1492340557755805,False,True,601.1160978293785,207,9.788683414459229,False
-1.7659379243850708,113.79552459716797,0.2134038507938385,0.4279838502407074,-0.9037863612174988,4.07275335279593,False,True,601.1160978293785,208,9.832366704940796,False
-1.5478687286376953,113.45893096923828,0.21345126628875732,0.46350857615470886,-0.8860924243927002,4.015354221043151,False,True,599.0578659060263,209,9.884923219680786,False
-1.318544626235962,113.13677215576172,0.2134842574596405,0.4988992512226105,-0.8666599988937378,3.962057459910219,False,True,599.0578659060263,210,9.935088634490967,False
-1.0773555040359497,112.82974243164062,0.21350646018981934,0.5347431898117065,-0.8450146317481995,3.921966404263408,False,True,599.0578659060263,211,9.981612920761108,False
-0.8238610625267029,112.53492736816406,0.2135179042816162,0.5699159502983093,-0.8217030167579651,3.9337467942667317,False,True,599.0578659060263,212,10.030927658081055,False
-0.5588812828063965,112.24457550048828,0.21349743008613586,0.6011651158332825,-0.7991248369216919,3.9703347207599857,False,True,599.0578659060263,213,10.080453634262085,False
-0.2828790247440338,111.96263122558594,0.21347060799598694,0.6310951113700867,-0.7757054567337036,3.97662537025473,False,True,597.020985774616,214,10.131109952926636,False
0.007393894251435995,111.69442749023438,0.21344593167304993,0.6630234718322754,-0.748598575592041,4.002192413716572,False,True,597.020985774616,215,10.17886209487915,False
0.315144807100296,111.43789672851562,0.2134116291999817,0.6959496736526489,-0.7180905342102051,4.0827934019125225,False,True,597.020985774616,216,10.23323941230774,False
0.6423868536949158,111.19351959228516,0.21336932480335236,0.7298901677131653,-0.6835644245147705,4.159944710922464,False,True,597.020985774616,217,10.285429954528809,False
0.9890075325965881,110.966552734375,0.21333953738212585,0.765300452709198,-0.6436732411384583,4.220799810003637,False,True,594.1455005651864,218,10.331971406936646,False
1.3544235229492188,110.76192474365234,0.2133631855249405,0.801916241645813,-0.5974364280700684,4.269418544161539,False,True,594.1455005651864,219,10.385755062103271,False
1.7376872301101685,110.57687377929688,0.21343478560447693,0.8363186717033386,-0.5482437014579773,4.3533088752329645,False,True,594.1455005651864,220,10.439743757247925,False
2.1396026611328125,110.40998077392578,0.21355032920837402,0.8677433133125305,-0.4970126450061798,4.458887792967389,False,True,594.1455005651864,221,10.486870765686035,False
2.5608160495758057,110.26546478271484,0.21363762021064758,0.897196352481842,-0.44163185358047485,4.555950593888192,False,True,594.1455005651864,222,10.534317255020142,False
2.999098777770996,110.14199829101562,0.21373194456100464,0.9226738810539246,-0.3855811059474945,4.640729854022159,False,True,594.1455005651864,223,10.58659029006958,False
3.450049638748169,110.03917694091797,0.21387049555778503,0.9437615275382996,-0.3306267559528351,4.696641916845696,False,True,591.6454995317329,224,10.63797926902771,False
3.911041259765625,109.95680236816406,0.21393248438835144,0.9606644511222839,-0.27771154046058655,4.745280758661818,False,True,591.6454995317329,225,10.682930707931519,False
4.380066394805908,109.892578125,0.21404249966144562,0.9735593795776367,-0.22843386232852936,4.785357873280677,False,True,591.6454995317329,226,10.73337435722351,False
4.854671478271484,109.8470687866211,0.21418510377407074,0.9833567142486572,-0.18168531358242035,4.807562969781402,False,True,591.6454995317329,227,10.783019542694092,False
5.3337931632995605,109.81523132324219,0.21421104669570923,0.9900128841400146,-0.1409769058227539,4.835865418407743,False,True,591.6454995317329,228,10.828721046447754,False
5.816473960876465,109.793212890625,0.21428988873958588,0.9942566156387329,-0.10702210664749146,4.853904354171111,False,True,591.6454995317329,229,10.875026226043701,False
6.301356792449951,109.77769470214844,0.2144588828086853,0.9967732429504395,-0.08026862144470215,4.865000251017852,False,True,589.1454984982794,230,10.927582025527954,False
6.787477970123291,109.76636505126953,0.21449290215969086,0.998204231262207,-0.05990230292081833,4.869145490627616,False,True,589.1454984982794,231,10.978901863098145,False
7.273887634277344,109.75950622558594,0.2144806683063507,0.9990549683570862,-0.04346507787704468,4.865686575754971,False,True,589.1454984982794,232,11.022448062896729,False
7.759753227233887,109.75666046142578,0.2144641876220703,0.9995505809783936,-0.029977375641465187,4.856301170278558,False,True,589.1454984982794,233,11.072371482849121,False
8.243769645690918,109.7528305053711,0.21445609629154205,0.9997521638870239,-0.02226218581199646,4.823970573972008,False,True,589.1454984982794,234,11.124874830245972,False
8.72255802154541,109.74784851074219,0.21446020901203156,0.9998360872268677,-0.018104778602719307,4.753175620419182,False,True,586.6454974648259,235,11.176765203475952,False
9.19393253326416,109.74215698242188,0.21446742117404938,0.9998705983161926,-0.01608852483332157,4.69015535850449,False,True,586.6454974648259,236,11.223826169967651,False
9.662054061889648,109.73432159423828,0.21446220576763153,0.9998657703399658,-0.016383564099669456,4.684523306348955,False,True,586.6454974648259,237,11.274813890457153,False
10.132166862487793,109.72398376464844,0.214447021484375,0.9998306632041931,-0.01840140111744404,4.720583305731078,False,True,586.6454974648259,238,11.321889877319336,False
10.606771469116211,109.70986938476562,0.21443229913711548,0.9997475743293762,-0.022466665133833885,4.772767068435053,False,True,586.6454974648259,239,11.368848323822021,False
11.086256980895996,109.69145202636719,0.2144237905740738,0.9996031522750854,-0.02817038632929325,4.817274228939143,False,True,584.1455002460448,240,11.421172380447388,False
11.569085121154785,109.67247009277344,0.21442362666130066,0.999485969543457,-0.03205949813127518,4.841380564934105,False,True,584.1455002460448,241,11.468254566192627,False
12.053646087646484,109.6547622680664,0.2144280970096588,0.9994356632232666,-0.03359052166342735,4.854612570242923,False,True,584.1455002460448,242,11.516260147094727,False
12.539097785949707,109.63658142089844,0.21443289518356323,0.9993880391120911,-0.03497987985610962,4.858991790796958,False,True,584.1455002460448,243,11.562957763671875,False
13.024619102478027,109.61901092529297,0.21443741023540497,0.9993751645088196,-0.035345569252967834,4.857903755612014,False,True,584.1455002460448,244,11.615518808364868,False
13.510037422180176,109.60237121582031,0.21444018185138702,0.9993898272514343,-0.03492877259850502,4.856290920611511,False,True,581.6455001662594,245,11.66634488105774,False
13.99535846710205,109.58670806884766,0.21444129943847656,0.9994238615036011,-0.033940792083740234,4.855657191536501,False,True,581.6455001662594,246,11.71002745628357,False
14.48060417175293,109.57344818115234,0.21444205939769745,0.9995037317276001,-0.03150104731321335,4.852718583555735,False,True,581.6455001662594,247,11.75967788696289,False
14.965258598327637,109.56159973144531,0.21444350481033325,0.9995805621147156,-0.028961025178432465,4.8429931163128215,False,True,581.6455001662594,248,11.812941551208496,False
15.448789596557617,109.55168914794922,0.21444541215896606,0.9996649026870728,-0.02588675729930401,4.831850260811556,False,True,581.6455001662594,249,11.859349966049194,False
15.931554794311523,109.54351043701172,0.21444553136825562,0.9997428059577942,-0.022679131478071213,4.826693963177822,False,True,579.1454991328059,250,11.903479814529419,False
16.414100646972656,109.53587341308594,0.2144441157579422,0.9997949004173279,-0.020252486690878868,4.8261271980007585,False,True,579.1454991328059,251,11.95677638053894,False
16.896757125854492,109.52800750732422,0.2144424021244049,0.9998217225074768,-0.01888069324195385,4.8285675423321335,False,True,579.1454991328059,252,12.008181095123291,False
17.379671096801758,109.52002716064453,0.21444132924079895,0.9998371601104736,-0.018046727403998375,4.8302942024618964,False,True,579.1454991328059,253,12.051235675811768,False
17.862680435180664,109.51271057128906,0.21444103121757507,0.9998558163642883,-0.01698162779211998,4.831061815718861,False,True,579.1454991328059,254,12.104100465774536,False
18.345733642578125,109.50479888916016,0.21444103121757507,0.9998586177825928,-0.016816534101963043,4.83113175651462,False,True,576.6455000066885,255,12.157289743423462,False
18.82883644104004,109.49728393554688,0.21444103121757507,0.999866783618927,-0.01632232405245304,4.83245069027537,False,True,576.6455000066885,256,12.204177856445312,False
19.311960220336914,109.49063873291016,0.2144414782524109,0.9998815655708313,-0.015391928143799305,4.829774509028614,False,True,576.6455000066885,257,12.249110460281372,False
19.79448127746582,109.484619140625,0.21444296836853027,0.9998970627784729,-0.014348085038363934,4.82179938322583,False,True,576.6455000066885,258,12.297615766525269,False
20.276023864746094,109.47828674316406,0.21444477140903473,0.9999028444290161,-0.013940662145614624,4.81052969578015,False,True,576.6455000066885,259,12.355568170547485,False
20.75656509399414,109.46964263916016,0.21444541215896606,0.9998806715011597,-0.01544785127043724,4.804673354811101,False,True,576.6455000066885,260,12.400807619094849,False
21.237159729003906,109.459228515625,0.21444328129291534,0.9998440742492676,-0.017657967284321785,4.810833074610582,False,True,574.145498973235,261,12.452629327774048,False
21.718734741210938,109.44825744628906,0.21444007754325867,0.9998105764389038,-0.019463282078504562,4.822235989984724,False,True,574.145498973235,262,12.505566358566284,False
22.201398849487305,109.4369888305664,0.21443790197372437,0.9997830390930176,-0.020829206332564354,4.832113992694255,False,True,574.145498973235,263,12.547873497009277,False
22.68477439880371,109.42560577392578,0.21443785727024078,0.9997628927230835,-0.02177601493895054,4.836521647713327,False,True,574.145498973235,264,12.593886137008667,False
23.16835594177246,109.41556549072266,0.2144390493631363,0.9997718930244446,-0.02135799080133438,4.837062401704593,False,True,574.145498973235,265,12.642405033111572,False
23.652008056640625,109.40668487548828,0.2144402712583542,0.9997945427894592,-0.020270591601729393,4.837738234790455,False,True,571.6454998471177,266,12.693053483963013,False
24.132293701171875,109.38188934326172,0.21444998681545258,0.9994710087776184,-0.03252158313989639,4.775189011387542,False,True,571.6454998471177,267,12.738707542419434,False
24.607152938842773,109.3387451171875,0.2144530862569809,0.9986128211021423,-0.052653513848781586,4.778254231488337,False,True,571.6454998471177,268,12.788558959960938,False
25.08501434326172,109.31167602539062,0.21444480121135712,0.9985618591308594,-0.05361195281147957,4.795931302578456,False,True,571.6454998471177,269,12.843331098556519,False
25.565353393554688,109.29347229003906,0.2144378274679184,0.9988570213317871,-0.047798313200473785,4.816496005197362,False,True,571.6454998471177,270,12.891937732696533,False
26.04766845703125,109.27976989746094,0.21443496644496918,0.9991661906242371,-0.04082822799682617,4.831903351550887,False,True,569.1455007210003,271,12.940615177154541,False
26.531112670898438,109.26961517333984,0.2144356518983841,0.9994321465492249,-0.033695392310619354,4.8385771479842985,False,True,569.1455007210003,272,12.993894338607788,False
27.014957427978516,109.26358032226562,0.2144378274679184,0.9996607303619385,-0.026047032326459885,4.840289764328845,False,True,569.1455007210003,273,13.046761751174927,False
27.498884201049805,109.2603759765625,0.21443983912467957,0.9998170137405396,-0.019129382446408272,4.8390269098069965,False,True,569.1455007210003,274,13.093730449676514,False
27.982513427734375,109.25959014892578,0.2144419103860855,0.9999172687530518,-0.012861647643148899,4.83476972774172,False,True,569.1455007210003,275,13.140877723693848,False
28.46570587158203,109.2616195678711,0.21444301307201385,0.9999772906303406,-0.0067430720664560795,4.830749039217965,False,True,566.6454996875468,276,13.191831588745117,False
28.948434829711914,109.2694091796875,0.21444354951381683,0.9999988079071045,0.0015505958581343293,4.828709533747219,False,True,566.6454996875468,277,13.236744403839111,False
29.431169509887695,109.28054809570312,0.21444262564182281,0.9999577403068542,0.009193789213895798,4.829270379149847,False,True,566.6454996875468,278,13.281481266021729,False
29.913564682006836,109.29098510742188,0.21444328129291534,0.999908447265625,0.013531739823520184,4.820274218403908,False,True,566.6454996875468,279,13.328364610671997,False
30.394811630249023,109.30015563964844,0.21444503962993622,0.999880850315094,0.015436631627380848,4.808351523783226,False,True,566.6454996875468,280,13.374897480010986,False
30.875185012817383,109.30870819091797,0.21444553136825562,0.9998681545257568,0.01623927801847458,4.802480233681303,False,True,564.1454986540933,281,13.420658826828003,False
31.35536003112793,109.31721496582031,0.21444396674633026,0.9998593926429749,0.01676991768181324,4.803475850349449,False,True,564.1454986540933,282,13.466122388839722,False
31.83587074279785,109.32559204101562,0.21444179117679596,0.9998558163642883,0.016979072242975235,4.808000322282025,False,True,564.1454986540933,283,13.518877983093262,False
32.31679916381836,109.33399200439453,0.21444056928157806,0.9998530745506287,0.017141861841082573,4.8110765963056865,False,True,564.1454986540933,284,13.568783044815063,False
32.79801559448242,109.34232330322266,0.21444007754325867,0.9998519420623779,0.017206205055117607,4.814807622766847,False,True,564.1454986540933,285,13.614927530288696,False
33.27945327758789,109.3504867553711,0.2144402712583542,0.9998534917831421,0.017116041854023933,4.813890677788886,False,True,564.1454986540933,286,13.66640305519104,False
33.76039505004883,109.35639190673828,0.21444228291511536,0.9998824596405029,0.015331489965319633,4.806143076574167,False,True,561.6454976481721,287,13.720661163330078,False
34.24032211303711,109.36066436767578,0.21444450318813324,0.9999151229858398,0.013029428198933601,4.793138897640904,False,True,561.6454976481721,288,13.768717050552368,False
34.719383239746094,109.36486053466797,0.21444495022296906,0.9999333024024963,0.011551049537956715,4.793160470624614,False,True,561.6454976481721,289,13.8174147605896,False
35.1992301940918,109.3681411743164,0.21444164216518402,0.9999515414237976,0.009846854023635387,4.802584916172084,False,True,561.6454976481721,290,13.8693528175354,False
35.6800651550293,109.37107849121094,0.21443893015384674,0.9999634027481079,0.008558450266718864,4.814033346767877,False,True,561.6454976481721,291,13.918887853622437,False
36.161766052246094,109.3739242553711,0.21443819999694824,0.9999710321426392,0.007611582521349192,4.816869913165092,False,True,559.1454966147186,292,13.961822509765625,False
36.642974853515625,109.3765869140625,0.21444083750247955,0.9999761581420898,0.006906157825142145,4.8071556976917895,False,True,559.1454966147186,293,14.01030945777893,False
37.12302780151367,109.37723541259766,0.2144441157579422,0.9999881982803345,0.004861990921199322,4.796057004490355,False,True,559.1454966147186,294,14.06473422050476,False
37.60221862792969,109.37822723388672,0.2144451141357422,0.9999922513961792,0.003937714267522097,4.789351480090155,False,True,559.1454966147186,295,14.11318325996399,False
38.08091735839844,109.38084411621094,0.21444469690322876,0.9999898076057434,0.004520408809185028,4.78551943525854,False,True,559.1454966147186,296,14.159549951553345,False
38.5592041015625,109.38508605957031,0.2144441157579422,0.9999814033508301,0.006102044600993395,4.780750153834305,False,True,556.6454993959375,297,14.208200216293335,False
39.03718185424805,109.38672637939453,0.21444328129291534,0.9999873638153076,0.005023547913879156,4.781325715610574,False,True,556.6454993959375,298,14.261445760726929,False
39.51552963256836,109.3851547241211,0.21444164216518402,0.9999979138374329,0.002028960734605789,4.784757143068136,False,True,556.6454993959375,299,14.30957555770874,False
39.99399948120117,109.3813247680664,0.21444110572338104,0.9999988079071045,-0.0015446327161043882,4.78515980497858,False,True,556.6454993959375,300,14.362183570861816,False
40.47238540649414,109.37791442871094,0.21444156765937805,0.9999940395355225,-0.0034461235627532005,4.782662457477041,False,True,556.6454993959375,301,14.410040616989136,False
40.9505500793457,109.3741455078125,0.2144419401884079,0.9999873638153076,-0.005025896243751049,4.782195598332959,False,True,554.145498362484,302,14.455002546310425,False
41.4285774230957,109.37098693847656,0.21444235742092133,0.9999846816062927,-0.005529759917408228,4.777385749524021,False,True,554.145498362484,303,14.50386381149292,False
41.905818939208984,109.36856842041016,0.21444381773471832,0.9999856948852539,-0.005345470737665892,4.7686994173734565,False,True,554.145498362484,304,14.5585196018219,False
42.38286590576172,109.36454772949219,0.21444278955459595,0.9999789595603943,-0.006486881989985704,4.7764833758672065,False,True,554.145498362484,305,14.606998443603516,False
42.86142349243164,109.36384582519531,0.21443870663642883,0.9999896287918091,-0.004556651227176189,4.7937461323992565,False,True,554.145498362484,306,14.651202917098999,False
43.3416633605957,109.36566925048828,0.21443584561347961,0.9999987483024597,-0.0015824496513232589,4.808753478868633,False,True,551.6454973290305,307,14.701555967330933,False
43.823020935058594,109.36632537841797,0.21443568170070648,0.9999998211860657,-0.0006077333237044513,4.816637066087683,False,True,551.6454973290305,308,14.750351190567017,False
44.3051643371582,109.36674499511719,0.21443645656108856,1.0,-7.829693640815094e-05,4.826265323345119,False,True,551.6454973290305,309,14.798612356185913,False
44.78817367553711,109.3675537109375,0.2144370973110199,0.9999998807907104,0.0005305673112161458,4.831312043313338,False,True,551.6454973290305,310,14.84569501876831,False
45.27099609375,109.36973571777344,0.21443988382816315,0.9999980330467224,0.0019960813224315643,4.824155085649777,False,True,551.6454973290305,311,14.896021127700806,False
45.752845764160156,109.37322235107422,0.21444301307201385,0.9999924898147583,0.0038763373158872128,4.814926716168325,False,True,551.6454973290305,312,14.947400569915771,False
46.23395919799805,109.37665557861328,0.21444423496723175,0.9999874234199524,0.00501214200630784,4.808604382972485,False,True,549.1525131385766,313,14.990212202072144,False
46.71455001831055,109.37985229492188,0.21444445848464966,0.9999843239784241,0.005594098009169102,4.803866296270055,False,True,549.1525131385766,314,15.040230751037598,False
47.194759368896484,109.38359832763672,0.21444374322891235,0.999979555606842,0.006391383241862059,4.801413548074238,False,True,549.1525131385766,315,15.095597267150879,False
47.674949645996094,109.3880615234375,0.21444259583950043,0.9999722838401794,0.007441254332661629,4.803346644181705,False,True,549.1525131385766,316,15.140461683273315,False
48.15541458129883,109.39226531982422,0.2144414782524109,0.9999690651893616,0.007863497361540794,4.805597147165763,False,True,549.1525131385766,317,15.185343027114868,False
48.63591384887695,109.39575958251953,0.21444137394428253,0.9999709129333496,0.007628229912370443,4.803915966479872,False,True,546.6540766891371,318,15.231446743011475,False
49.1162109375,109.39888763427734,0.2144416719675064,0.9999738335609436,0.007231588941067457,4.803099867262758,False,True,546.6540766891371,319,15.278059959411621,False
49.59654998779297,109.4017333984375,0.21444156765937805,0.9999771118164062,0.006767088547348976,4.803709946365955,False,True,546.6540766891371,320,15.320423603057861,False
50.07698440551758,109.40433502197266,0.21444129943847656,0.9999802708625793,0.006279381457716227,4.805283270649726,False,True,546.6540766891371,321,15.363860845565796,False
50.5576057434082,109.40653228759766,0.21444091200828552,0.9999839663505554,0.0056656175293028355,4.806759407133296,False,True,546.6540766891371,322,15.412176370620728,False
51.03824234008789,109.40823364257812,0.214441180229187,0.9999879598617554,0.004902955610305071,4.805883664294378,False,True,544.1540761102154,323,15.46338701248169,False
51.51865005493164,109.40974426269531,0.21444183588027954,0.9999908208847046,0.004281277302652597,4.802178402977447,False,True,544.1540761102154,324,15.512980937957764,False
51.99864959716797,109.41094207763672,0.2144426703453064,0.9999933838844299,0.003630157094448805,4.798558747903551,False,True,544.1540761102154,325,15.563015937805176,False
52.478416442871094,109.41069030761719,0.21444259583950043,0.9999977946281433,0.002105115447193384,4.797666437433803,False,True,544.1540761102154,326,15.613150119781494,False
52.95817184448242,109.41064453125,0.21444213390350342,0.9999990463256836,0.001365956850349903,4.797224611035746,False,True,544.1540761102154,327,15.658354997634888,False
53.43779754638672,109.41020965576172,0.21444208920001984,0.9999998807907104,0.0005386935663409531,4.795460969820198,False,True,541.6540755312938,328,15.704752445220947,False
53.917205810546875,109.41010284423828,0.21444232761859894,0.9999999403953552,0.00031017797300592065,4.792839862327725,False,True,541.6540755312938,329,15.753174066543579,False
54.396209716796875,109.40940856933594,0.21444293856620789,0.9999999403953552,-0.0003371562052052468,4.787159135938268,False,True,541.6540755312938,330,15.797807693481445,False
54.87465286254883,109.40792083740234,0.21444357931613922,0.9999991059303284,-0.0013251883210614324,4.78323227973671,False,True,541.6540755312938,331,15.84418773651123,False
55.35296630859375,109.40628814697266,0.21444293856620789,0.9999978542327881,-0.002070339862257242,4.783642164815397,False,True,541.6540755312938,332,15.88928484916687,False
55.831390380859375,109.40288543701172,0.21444186568260193,0.999992311000824,-0.003914304543286562,4.785156340545536,False,True,539.1540749575526,333,15.944563865661621,False
56.30986785888672,109.39960479736328,0.21444152295589447,0.9999879598617554,-0.004904990550130606,4.7839947924612,False,True,539.1540749575526,334,15.993116855621338,False
56.78805160522461,109.39739227294922,0.2144422084093094,0.9999885559082031,-0.004789410624653101,4.780012560885436,False,True,539.1540749575526,335,16.034480333328247,False
57.26585388183594,109.39566040039062,0.21444281935691833,0.9999905228614807,-0.0043547870591282845,4.776661737035651,False,True,539.1540749575526,336,16.08704900741577,False
57.74342346191406,109.39429473876953,0.21444270014762878,0.9999927282333374,-0.0038125719875097275,4.775148495510781,False,True,539.1540749575526,337,16.136857986450195,False
58.22089385986328,109.39405822753906,0.2144424021244049,0.9999966025352478,-0.002597111975774169,4.774559033935992,False,True,539.1540749575526,338,16.183892726898193,False
58.69818878173828,109.3936996459961,0.2144424319267273,0.9999980330467224,-0.0019877818413078785,4.770681739855139,False,True,536.6540820080236,339,16.2295880317688,False
59.17512130737305,109.39216613769531,0.2144426703453064,0.9999970197677612,-0.002452235668897629,4.7696283656345635,False,True,536.6540820080236,340,16.279488801956177,False
59.6523323059082,109.38835906982422,0.2144414782524109,0.9999899864196777,-0.004475160501897335,4.775593233843334,False,True,536.6540820080236,341,16.322519063949585,False
60.13043975830078,109.38392639160156,0.21443922817707062,0.9999811053276062,-0.006150266155600548,4.786534184869466,False,True,536.6540820080236,342,16.367900609970093,False
60.60969543457031,109.38021850585938,0.2144375592470169,0.9999777674674988,-0.006669570691883564,4.797276914199404,False,True,536.6540820080236,343,16.410560131072998,False
61.08971405029297,109.37847137451172,0.2144375890493393,0.9999847412109375,-0.005524432752281427,4.801520387428168,False,True,534.1540776144055,344,16.458456993103027,False
61.56995391845703,109.37754821777344,0.2144388109445572,0.9999909400939941,-0.004262108821421862,4.8032331458749855,False,True,534.1540776144055,345,16.51231837272644,False
62.050193786621094,109.3741455078125,0.21444030106067657,0.9999856352806091,-0.005356124136596918,4.801511951062361,False,True,534.1540776144055,346,16.557562351226807,False
62.53010559082031,109.37041473388672,0.21444179117679596,0.9999808669090271,-0.006181157194077969,4.797397770071946,False,True,534.1540776144055,347,16.604915142059326,False
63.00983428955078,109.3674087524414,0.21444201469421387,0.9999808669090271,-0.0061896787956357,4.79871429916863,False,True,534.1540776144055,348,16.655144214630127,False
63.48986053466797,109.36420440673828,0.214441180229187,0.9999796748161316,-0.006373966578394175,4.801020190891765,False,True,531.6540770354839,349,16.702136754989624,False
63.96985626220703,109.36071014404297,0.2144414782524109,0.9999775290489197,-0.006699397228658199,4.798848623644908,False,True,531.6540770354839,350,16.744696140289307,False
64.44950103759766,109.35787963867188,0.2144424021244049,0.999979555606842,-0.006390477530658245,4.79451081686422,False,True,531.6540770354839,351,16.79544687271118,False
64.92870330810547,109.35601043701172,0.21444293856620789,0.9999849200248718,-0.005487682297825813,4.790302519981891,False,True,531.6540770354839,352,16.841516971588135,False
65.40723419189453,109.35592651367188,0.21444416046142578,0.999993622303009,-0.0035648997873067856,4.779819069600517,False,True,531.6540770354839,353,16.88746166229248,False
65.88470458984375,109.35597229003906,0.21444514393806458,0.9999973773956299,-0.0023020340595394373,4.772238900298015,False,True,529.1540764565622,354,16.93345332145691,False
66.36195373535156,109.3553695678711,0.21444404125213623,0.9999980926513672,-0.0019499651389196515,4.773736910149605,False,True,529.1540764565622,355,16.98496103286743,False
66.83975219726562,109.35494995117188,0.21444132924079895,0.9999988079071045,-0.0015558179002255201,4.782354844660001,False,True,529.1540764565622,356,17.03647804260254,False
67.31868743896484,109.35552215576172,0.2144385129213333,0.9999998211860657,-0.0005624595796689391,4.795214435834694,False,True,529.1540764565622,357,17.08093547821045,False
67.79886627197266,109.35726928710938,0.21443675458431244,0.9999995231628418,0.000951551366597414,4.806705186450959,False,True,529.1540764565622,358,17.130433797836304,False
68.2800064086914,109.35740661621094,0.2144366055727005,0.9999998211860657,0.0006102788611315191,4.815171460186624,False,True,529.1540764565622,359,17.184823036193848,False
68.76174926757812,109.35770416259766,0.2144375592470169,0.9999997615814209,0.0006609979318454862,4.81814247899485,False,True,526.6540758776405,360,17.230035066604614,False
69.24342346191406,109.35923767089844,0.21443980932235718,0.9999987483024597,0.0015731999883428216,4.814876720573716,False,True,526.6540758776405,361,17.27432942390442,False
69.72467803955078,109.36322784423828,0.21444164216518402,0.9999918341636658,0.004039127845317125,4.812033158431181,False,True,526.6540758776405,362,17.323265314102173,False
70.20564270019531,109.36837005615234,0.2144426703453064,0.9999794960021973,0.0064025018364191055,4.806966296510926,False,True,526.6540758776405,363,17.37102508544922,False
70.68351745605469,109.37409973144531,0.21445132791996002,0.9999648332595825,0.008385800756514072,4.736863731844923,False,True,526.6540758776405,364,17.41863179206848,False
71.14920043945312,109.38013458251953,0.214476078748703,0.9999505281448364,0.00994547363370657,4.5867389097423725,False,True,524.1540752987188,365,17.463322401046753,False
71.59857940673828,109.38629913330078,0.21449969708919525,0.9999369978904724,0.011222665198147297,4.417932214417345,False,True,524.1540752987188,366,17.513646364212036,False
72.03263092041016,109.39244842529297,0.2145085483789444,0.9999260306358337,0.012164470739662647,4.298153935827926,False,True,524.1540752987188,367,17.561779022216797,False
72.46363830566406,109.3956298828125,0.21448245644569397,0.9999446272850037,0.01052306592464447,4.340726056430945,False,True,524.1540752987188,368,17.60394835472107,False
72.90492248535156,109.39830017089844,0.2144366353750229,0.9999585747718811,0.009104362688958645,4.481978595486492,False,True,524.1540752987188,369,17.65247941017151,False
73.36199188232422,109.40148162841797,0.2143981158733368,0.9999647736549377,0.00839094165712595,4.639699053076342,False,True,521.6540747197971,370,17.70535373687744,False
73.83267974853516,109.4047622680664,0.21438366174697876,0.9999688267707825,0.007898791693150997,4.752485242512651,False,True,521.6540747197971,371,17.75065302848816,False
74.31132507324219,109.40750122070312,0.21439117193222046,0.9999747276306152,0.007110704202204943,4.806679066489741,False,True,521.6540747197971,372,17.794547080993652,False
74.79273223876953,109.40947723388672,0.21440955996513367,0.9999818205833435,0.006033619400113821,4.814294612999926,False,True,521.6540747197971,373,17.846496105194092,False
75.2734375,109.4114990234375,0.2144280970096588,0.9999854564666748,0.005394352599978447,4.800290386263408,False,True,521.6540747197971,374,17.899503231048584,False
75.75260925292969,109.41343688964844,0.2144400030374527,0.9999879598617554,0.004912052769213915,4.785685250620696,False,True,521.6540747197971,375,17.945063829421997,False
76.23075866699219,109.4145278930664,0.21444430947303772,0.9999921917915344,0.003954951651394367,4.779923035930435,False,True,519.1540741460559,376,17.989984035491943,False
76.70881652832031,109.4152603149414,0.21444374322891235,0.9999951720237732,0.0031119075138121843,4.7822324547267785,False,True,519.1540741460559,377,18.042136669158936,False
77.18724822998047,109.41498565673828,0.21444186568260193,0.9999983906745911,0.0017850189469754696,4.785916995760022,False,True,519.1540741460559,378,18.087770462036133,False
77.6658706665039,109.412841796875,0.2144412249326706,0.9999998807907104,-0.0004628573660738766,4.7860519665735275,False,True,519.1540741460559,379,18.13376474380493,False
78.14430236816406,109.41071319580078,0.21444174647331238,0.9999983310699463,-0.001832786132581532,4.78265152201607,False,True,519.1540741460559,380,18.182901859283447,False
78.62236785888672,109.4090805053711,0.21444235742092133,0.9999971985816956,-0.0023718092124909163,4.779551197668823,False,True,516.6540735671342,381,18.233802795410156,False
79.10031127929688,109.40748596191406,0.21444232761859894,0.9999963045120239,-0.0027137580327689648,4.779763813077337,False,True,516.6540735671342,382,18.28147006034851,False
79.57843017578125,109.40545654296875,0.2144414782524109,0.999994695186615,-0.003263964084908366,4.782729973240815,False,True,516.6540735671342,383,18.328567504882812,False
80.05689239501953,109.40272521972656,0.21444052457809448,0.9999913573265076,-0.0041523887775838375,4.786400209416286,False,True,516.6540735671342,384,18.376322507858276,False
80.53597259521484,109.39999389648438,0.21443939208984375,0.9999890327453613,-0.004681286867707968,4.795907495844464,False,True,516.6540735671342,385,18.4222891330719,False
81.01631927490234,109.39729309082031,0.21443724632263184,0.9999874234199524,-0.005015775095671415,4.8097956656914835,False,True,514.1540729882125,386,18.46619200706482,False
81.49759674072266,109.39340209960938,0.21443717181682587,0.999981164932251,-0.006137481890618801,4.812892980846177,False,True,514.1540729882125,387,18.512382745742798,False
81.97856140136719,109.38929748535156,0.21443995833396912,0.9999757409095764,-0.006967837922275066,4.8068909431054,False,True,514.1540729882125,388,18.56222677230835,False
82.45899963378906,109.38523864746094,0.21444198489189148,0.9999719262123108,-0.007490869611501694,4.803661319062685,False,True,514.1540729882125,389,18.60803246498108,False
82.93923950195312,109.38156127929688,0.21444255113601685,0.9999716877937317,-0.007521227467805147,4.8009551249597395,False,True,514.1540729882125,390,18.65471601486206,False
83.41913604736328,109.37794494628906,0.21444286406040192,0.9999716877937317,-0.007527085952460766,4.797902330790139,False,True,511.65407240929085,391,18.703563690185547,False
83.89871978759766,109.37448120117188,0.21444301307201385,0.9999725818634033,-0.007407248020172119,4.793729176091749,False,True,511.65407240929085,392,18.75129246711731,False
84.37789154052734,109.37110900878906,0.21444323658943176,0.9999735951423645,-0.0072693005204200745,4.791050073134942,False,True,511.65407240929085,393,18.795823574066162,False
84.85711669921875,109.36981201171875,0.21444208920001984,0.9999844431877136,-0.005573434755206108,4.795075039886524,False,True,511.65407240929085,394,18.844576597213745,False
85.33699798583984,109.37196350097656,0.21444042026996613,0.999998152256012,-0.0019281271379441023,4.802135247013825,False,True,511.65407240929085,395,18.892906188964844,False
85.81743621826172,109.37409973144531,0.2144395411014557,0.9999999403953552,0.00027127267094329,4.805587420388862,False,True,509.15407183036916,396,18.939850568771362,False
86.298095703125,109.37596130371094,0.2144397646188736,0.9999988079071045,0.0015473207458853722,4.807691250528255,False,True,509.15407183036916,397,18.985496520996094,False
86.77906036376953,109.37653350830078,0.21443980932235718,0.9999991059303284,0.0013518462656065822,4.811737692395306,False,True,509.15407183036916,398,19.039629220962524,False
87.26030731201172,109.3741455078125,0.2144400030374527,0.9999995231628418,-0.0009608682594262064,4.812911542836366,False,True,509.15407183036916,399,19.091007232666016,False
87.74138641357422,109.369873046875,0.21444129943847656,0.9999927878379822,-0.0038045826368033886,4.808804424954148,False,True,509.15407183036916,400,19.133804082870483,False
88.2220687866211,109.36770629882812,0.214442178606987,0.999992311000824,-0.0039276196621358395,4.807113632483843,False,True,509.15407183036916,401,19.18407893180847,False
88.70303344726562,109.36800384521484,0.21444125473499298,0.9999974370002747,-0.0022631525062024593,4.8121759088192135,False,True,506.6540712514475,402,19.23692798614502,False
89.184814453125,109.36844635009766,0.2144392728805542,0.9999993443489075,-0.001161670545116067,4.8237020981015215,False,True,506.6540712514475,403,19.28223943710327,False
89.66790008544922,109.36957550048828,0.21443724632263184,1.0,0.00011093146895291284,4.836384100396982,False,True,506.6540712514475,404,19.328158617019653,False
90.1519775390625,109.37240600585938,0.21443670988082886,0.999997615814209,0.002197051187977195,4.844119335703555,False,True,506.6540712514475,405,19.378847122192383,False
90.63648223876953,109.37692260742188,0.21443802118301392,0.9999886155128479,0.004776126705110073,4.8453882579234655,False,True,506.6540712514475,406,19.426573514938354,False
91.12092590332031,109.38190460205078,0.2144400030374527,0.9999774098396301,0.006722417660057545,4.844112344183941,False,True,504.1540706725258,407,19.470380306243896,False
91.60513305664062,109.38595581054688,0.21444152295589447,0.999973714351654,0.007251024711877108,4.840011065591134,False,True,504.1540706725258,408,19.521666049957275,False
92.08876037597656,109.38980865478516,0.21444301307201385,0.999971866607666,0.007503611966967583,4.833580274786239,False,True,504.1540706725258,409,19.569976568222046,False
92.57154846191406,109.39292907714844,0.2144445776939392,0.9999749064445496,0.0070836893282830715,4.822307520720393,False,True,504.1540706725258,410,19.617769241333008,False
93.05303192138672,109.39547729492188,0.2144462913274765,0.9999791979789734,0.006445606704801321,4.80919916309946,False,True,504.1540706725258,411,19.665396690368652,False
93.533447265625,109.39726257324219,0.21444663405418396,0.9999850988388062,0.005463277455419302,4.8011837153268235,False,True,501.6540700936041,412,19.716992139816284,False
94.0134048461914,109.39801788330078,0.2144452929496765,0.9999917149543762,0.0040734317153692245,4.7990498497925165,False,True,501.6540700936041,413,19.767720222473145,False
94.49339294433594,109.39771270751953,0.21444323658943176,0.9999971389770508,0.002380609279498458,4.80141684574592,False,True,501.6540700936041,414,19.811121225357056,False
94.97368621826172,109.39594268798828,0.21444159746170044,1.0,0.00020084105199202895,4.803912215374188,False,True,501.6540700936041,415,19.860270500183105,False
95.45418548583984,109.39228057861328,0.21444076299667358,0.9999966025352478,-0.0026024379767477512,4.806740203961823,False,True,501.6540700936041,416,19.91312026977539,False
95.93492889404297,109.38766479492188,0.2144404500722885,0.9999871253967285,-0.005079158581793308,4.808051827447013,False,True,499.1540695198629,417,19.959131956100464,False
96.41570281982422,109.3834457397461,0.21444083750247955,0.9999799132347107,-0.006342008709907532,4.807824588979628,False,True,499.1540695198629,418,20.006839275360107,False
96.89667510986328,109.38133239746094,0.21444064378738403,0.9999845027923584,-0.005562781356275082,4.8129237094088815,False,True,499.1540695198629,419,20.057716846466064,False
97.37850189208984,109.38101196289062,0.21443897485733032,0.999992847442627,-0.0037832772359251976,4.823012262535119,False,True,499.1540695198629,420,20.108371019363403,False
97.86136627197266,109.3819808959961,0.21443778276443481,0.9999985694885254,-0.0016990958247333765,4.832859568490668,False,True,499.1540695198629,421,20.15321660041809,False
98.34490203857422,109.38340759277344,0.21443797647953033,1.0,-4.207793972454965e-05,4.8361160474194245,False,True,496.654076570334,422,20.201101303100586,False
98.8284912109375,109.3844985961914,0.21443946659564972,0.9999997019767761,0.000736747111659497,4.835694497791824,False,True,496.654076570334,423,20.25391125679016,False
99.31208801269531,109.38666534423828,0.21444061398506165,0.9999977350234985,0.0021188012324273586,4.836028020894978,False,True,496.654076570334,424,20.301466464996338,False
99.79544830322266,109.3897933959961,0.21444179117679596,0.9999932646751404,0.0036700537893921137,4.829873919057828,False,True,496.654076570334,425,20.350180625915527,False
100.27772521972656,109.39303588867188,0.2144443392753601,0.9999887943267822,0.004737452138215303,4.816587982100556,False,True,496.654076570334,426,20.403648614883423,False
100.75882720947266,109.39555358886719,0.21444568037986755,0.9999880194664001,0.004892632365226746,4.8083114783286875,False,True,496.654076570334,427,20.452393054962158,False
101.23961639404297,109.39726257324219,0.21444445848464966,0.9999902844429016,0.004407626576721668,4.80870536156429,False,True,494.1540759914123,428,20.499449491500854,False
101.72054290771484,109.39778900146484,0.2144428938627243,0.9999949336051941,0.003183141350746155,4.808777822162748,False,True,494.1540759914123,429,20.547868967056274,False
102.20124053955078,109.3974609375,0.21444259583950043,0.9999983906745911,0.0018025814788416028,4.804896203438576,False,True,494.1540759914123,430,20.595262050628662,False
102.68136596679688,109.39643096923828,0.21444331109523773,0.9999999403953552,0.0003804940788540989,4.798309857880345,False,True,494.1540759914123,431,20.638953924179077,False
103.1606216430664,109.39999389648438,0.2144445776939392,0.9999952912330627,0.003065788885578513,4.788885314088892,False,True,494.1540759914123,432,20.685386657714844,False
103.63919830322266,109.40174865722656,0.2144445776939392,0.9999951720237732,0.003115001367405057,4.785355059439043,False,True,491.6540754124906,433,20.739838361740112,False
104.1178207397461,109.4007797241211,0.21444296836853027,0.9999991655349731,0.00127451925072819,4.786835777893344,False,True,491.6540754124906,434,20.787988662719727,False
104.59652709960938,109.39873504638672,0.2144419401884079,0.9999997615814209,-0.000704672303982079,4.7877274995885974,False,True,491.6540754124906,435,20.832577228546143,False
105.07540893554688,109.3963623046875,0.2144412249326706,0.999997615814209,-0.0021816594526171684,4.7901478547623215,False,True,491.6540754124906,436,20.8826642036438,False
105.5546646118164,109.39310455322266,0.2144402265548706,0.9999925494194031,-0.0038557148072868586,4.795632159371648,False,True,491.6540754124906,437,20.933834075927734,False
106.0346450805664,109.38912963867188,0.21443897485733032,0.9999853372573853,-0.005412581376731396,4.804212429794165,False,True,489.1540748335689,438,20.97756862640381,False
106.51549530029297,109.38481903076172,0.21443809568881989,0.9999777674674988,-0.006670636124908924,4.811808633769032,False,True,489.1540748335689,439,21.023526668548584,False
106.99687194824219,109.38128662109375,0.2144385427236557,0.9999763369560242,-0.0068762279115617275,4.814711866096622,False,True,489.1540748335689,440,21.072371006011963,False
107.4782485961914,109.37883758544922,0.21443995833396912,0.9999806880950928,-0.006211516913026571,4.812397667316557,False,True,489.1540748335689,441,21.122719764709473,False
107.95915985107422,109.3758544921875,0.2144419401884079,0.9999805688858032,-0.006235484965145588,4.806234318334977,False,True,489.1540748335689,442,21.168866395950317,False
108.43936157226562,109.37239837646484,0.21444350481033325,0.9999784231185913,-0.006564644630998373,4.798728309896757,False,True,486.65407425464724,443,21.222882986068726,False
108.91896057128906,109.36886596679688,0.21444396674633026,0.9999765753746033,-0.0068426718935370445,4.795353276876887,False,True,486.65407425464724,444,21.27565884590149,False
109.39861297607422,109.36573028564453,0.21444270014762878,0.9999774694442749,-0.006713777780532837,4.798482423810064,False,True,486.65407425464724,445,21.32304072380066,False
109.8787841796875,109.36237335205078,0.21444083750247955,0.999976634979248,-0.006835748441517353,4.804727172292829,False,True,486.65407425464724,446,21.36812162399292,False
110.35955047607422,109.35965728759766,0.21443957090377808,0.9999796748161316,-0.006380357313901186,4.809589705153575,False,True,486.65407425464724,447,21.418482065200806,False
110.8405532836914,109.35811614990234,0.2144400030374527,0.9999863505363464,-0.005224032327532768,4.809575510243485,False,True,484.15407367572556,448,21.46759271621704,False
111.32098388671875,109.36268615722656,0.21444213390350342,0.9999999403953552,0.0002483912685420364,4.801838841418414,False,True,484.15407367572556,449,21.5118088722229,False
111.80084991455078,109.36808013916016,0.21444308757781982,0.9999918341636658,0.004036993719637394,4.797608501959729,False,True,484.15407367572556,450,21.563234329223633,False
112.28056335449219,109.3717269897461,0.21444286406040192,0.9999862313270569,0.005244901869446039,4.798062876377176,False,True,484.15407367572556,451,21.61194896697998,False
112.76048278808594,109.37549591064453,0.21444186568260193,0.9999809861183167,0.00616950448602438,4.800202078489473,False,True,484.15407367572556,452,21.65926718711853,False
113.24054718017578,109.37968444824219,0.21444132924079895,0.9999750256538391,0.007067992351949215,4.80067729139692,False,True,484.15407367572556,453,21.70286202430725,False
113.7206039428711,109.38414001464844,0.21444125473499298,0.9999691843986511,0.007854131050407887,4.800524657994566,False,True,481.65407309680387,454,21.75446915626526,False
114.20069885253906,109.388916015625,0.21444125473499298,0.9999630451202393,0.008598917163908482,4.801914515201914,False,True,481.65407309680387,455,21.80103850364685,False
114.6811294555664,109.39382934570312,0.2144404947757721,0.9999579191207886,0.009173732250928879,4.807270050248189,False,True,481.65407309680387,456,21.847044229507446,False
115.16212463378906,109.39791107177734,0.21443961560726166,0.9999604225158691,0.008897111751139164,4.811832169582739,False,True,481.65407309680387,457,21.90615177154541,False
115.64339447021484,109.40155029296875,0.21443983912467957,0.9999645352363586,0.00842220801860094,4.813557827849957,False,True,481.65407309680387,458,21.959514617919922,False
116.1247329711914,109.40523529052734,0.21444052457809448,0.9999668002128601,0.008146040141582489,4.8129903998770605,False,True,479.15407252306267,459,22.009941577911377,False
116.6059799194336,109.40760803222656,0.21444125473499298,0.9999757409095764,0.0069661675952374935,4.812092423572564,False,True,479.15407252306267,460,22.055371046066284,False
117.08723449707031,109.40839385986328,0.21444132924079895,0.9999871850013733,0.0050570173189044,4.813119417990687,False,True,479.15407252306267,461,22.10256814956665,False
117.5685806274414,109.40863800048828,0.21444125473499298,0.9999940395355225,0.003446882823482156,4.813815438346132,False,True,479.15407252306267,462,22.155837774276733,False
118.04998779296875,109.40850067138672,0.21444113552570343,0.9999977946281433,0.002113969763740897,4.814654450234507,False,True,479.15407252306267,463,22.201334953308105,False
118.53141021728516,109.40679168701172,0.21444140374660492,1.0,5.9394205891294405e-05,4.813655099388229,False,True,476.654071944141,464,22.251107215881348,False
119.01256561279297,109.40430450439453,0.21444205939769745,0.9999983906745911,-0.0017907086294144392,4.809732502061918,False,True,476.654071944141,465,22.30499243736267,False
119.49337768554688,109.4013442993164,0.21444255113601685,0.9999944567680359,-0.0033337383065372705,4.807716357565551,False,True,476.654071944141,466,22.348963975906372,False
119.97406005859375,109.39777374267578,0.21444252133369446,0.9999884963035583,-0.00479473639279604,4.805793644198574,False,True,476.654071944141,467,22.39295983314514,False
120.45453643798828,109.39415740966797,0.2144424021244049,0.999983549118042,-0.005734818987548351,4.805116805916366,False,True,476.654071944141,468,22.442554235458374,False
120.93535614013672,109.39192199707031,0.21444103121757507,0.9999859929084778,-0.005294871050864458,4.8122717272454345,False,True,474.15407899461206,469,22.493162631988525,False
121.41724395751953,109.38998413085938,0.21443861722946167,0.9999882578849792,-0.00484160752967,4.824268077885647,False,True,474.15407899461206,470,22.538353204727173,False
121.89988708496094,109.39000701904297,0.2144382745027542,0.9999954104423523,-0.0030317376367747784,4.825759333020936,False,True,474.15407899461206,471,22.588738441467285,False
122.38201904296875,109.39070129394531,0.21444113552570343,0.999998927116394,-0.0014674009289592505,4.816352627569894,False,True,474.15407899461206,472,22.641874074935913,False
122.8629150390625,109.39112091064453,0.2144443392753601,0.9999998211860657,-0.0006428869673982263,4.802827516254265,False,True,474.15407899461206,473,22.68638586997986,False
123.34260559082031,109.39265441894531,0.21444590389728546,0.9999997019767761,0.0007584101986140013,4.7934894032215265,False,True,471.6540784156904,474,22.731863498687744,False
123.82172393798828,109.39583587646484,0.21444526314735413,0.9999958872795105,0.0028719843830913305,4.790140381851743,False,True,471.6540784156904,475,22.7801833152771,False
124.30078125,109.39984893798828,0.21444347500801086,0.9999884366989136,0.004809271078556776,4.791835295442125,False,True,471.6540784156904,476,22.8281991481781,False
124.7800521850586,109.4040298461914,0.21444186568260193,0.9999808669090271,0.006189841311424971,4.793614413786143,False,True,471.6540784156904,477,22.875036478042603,False
125.25952911376953,109.40726470947266,0.21444106101989746,0.9999799132347107,0.006341485772281885,4.795851086571999,False,True,471.6540784156904,478,22.928990602493286,False
125.73912811279297,109.41075134277344,0.21444088220596313,0.9999775886535645,0.00669408543035388,4.7956456042913835,False,True,471.6540784156904,479,22.980820178985596,False
126.21842193603516,109.41165161132812,0.21444179117679596,0.9999881982803345,0.004863005131483078,4.791314551032427,False,True,469.1540778367687,480,23.025413990020752,False
126.69744873046875,109.41177368164062,0.21444235742092133,0.9999945759773254,0.0032850634306669235,4.78984271181891,False,True,469.1540778367687,481,23.069499015808105,False
127.17645263671875,109.41242980957031,0.21444208920001984,0.9999966025352478,0.0026143265422433615,4.789978063115225,False,True,469.1540778367687,482,23.11967706680298,False
127.65558624267578,109.41259765625,0.21444137394428253,0.9999983310699463,0.0018150856485590339,4.793071119655494,False,True,469.1540778367687,483,23.165929794311523,False
128.13534545898438,109.41259765625,0.21443980932235718,0.9999992847442627,0.0011776681058108807,4.802367321996611,False,True,469.1540778367687,484,23.21185803413391,False
128.61599731445312,109.41259765625,0.21443858742713928,0.9999997019767761,0.0007666246383450925,4.808435398542882,False,True,466.654077257847,485,23.26417326927185,False
